LISTEN: Trump Foreign Policy Adviser Hopes to Talk Him Out of Torture#RT #Follow #TopStories Former TV 'Apprentices' denounce Trump White House bid - Reuters https://t.co/C3ha2BZMcE https://t.co/46bqhxOQVW#RT #Follow Former TV 'Apprentices' denounce Trump White House bid - Reuters https://t.co/s70Q9kbg68 https://t.co/PYchUXD1krEXCLUSIVE: CO Volunteers: Ballot Errors Hurt Trump Delegate Candidates, Could Have Violated State Rules - Breitbart https://t.co/yRr90iHUp9RT @Rene_gadeCowboy: Look.... All these folks got conned or perhaps promised something from Trump https://t.co/FXBhrLJz2YJesus repudiated the one Bible verse Trump says he likes best | alan.... https://t.co/O4Up1ULhcO https://t.co/b42EYuxAoN#RT #Follow Former TV 'Apprentices' denounce Trump White House bid - Reuters https://t.co/IMeWN9gxic https://t.co/yhEdIUgOGGRT @EndorsementsGOP: Juanita Broaddrick survivor of Bill Clinton assault Endorses Donald Trump for President https://t.co/GPjLxyBdXB #NYC h…TALKING TO PROTESTORS AT A TRUMP RALLY https://t.co/OqJgMyfULN via @YouTube#RT #Follow Former TV 'Apprentices' denounce Trump White House bid - Reuters https://t.co/34Rh9VGdR4 https://t.co/aEuUrwGbNPRT @ksandiego52: Trump Train is coming - I can feel it! Are ya'll ready? #CAForTrump #California4Trump #TrumpTrain @Billright50 @ly https:/…@Facebook employees request orders on stopping Trump https://t.co/wOCpnutTUU @washingtonpost @nytimes @cnn @msnbc @naacp @officialcbcRT @BuzzFeedNews: “Trump Effect” Stirring Hatred And Fear In Schools, Report Says https://t.co/bXz43NdkmF https://t.co/Rpftq2eFYnhttps://t.co/4ZHME3kcCj
You gotta watch Bob Dibuono do his trump skit. Funny as hell. Love this guy. 
#bobdibuonoIs Trump right about 'rigged' nomination? https://t.co/7GYBFeLGCFIs Trump right about 'rigged' nomination? https://t.co/zqzBc7kB21@HeyanBoy trumpIs Trump right about 'rigged' nomination? https://t.co/8A5WUBKmfvPolitical Prediction Market: Trump opens up huge lead https://t.co/0nWyl0JDuzJesus repudiated the one Bible verse Trump says he likes best | alan.... https://t.co/MmPLSE70KCPolitical Prediction Market: Trump opens up huge lead https://t.co/R5qzatYdlS#audi #RT #Follow Former TV 'Apprentices' denounce Trump White House bid - Reuters https://t.co/hVsUzRMsNH https://t.co/gtvNDXAGSj#RT #Follow #TopStories Former TV 'Apprentices' denounce Trump White House bid - Reuters https://t.co/eKOayCLniM https://t.co/nq0xZ61tE4#RT #Follow Former TV 'Apprentices' denounce Trump White House bid - Reuters https://t.co/3TQZOgUkyk https://t.co/k9PvO5GSzx#RT #Follow Former TV 'Apprentices' denounce Trump White House bid - Reuters https://t.co/8gWcylEH3Q https://t.co/YQsG1rCC3NPolitical Prediction Market: Trump opens up huge lead https://t.co/NqbRjNQjhk#RT #Follow #TopStories Former TV 'Apprentices' denounce Trump White House bid - Reuters https://t.co/8mfOM7ZWFQ https://t.co/jCQowoEzHA#RT #Follow Former TV 'Apprentices' denounce Trump White House bid - Reuters https://t.co/7I31gZqj18 https://t.co/zjAG3yy5x0Is Trump right about 'rigged' nomination? https://t.co/k77eIOUlmg https://t.co/2VSX1yO5hT#RT #Follow Former TV 'Apprentices' denounce Trump White House bid - Reuters https://t.co/UwwBnRRSKZ https://t.co/TKKGTtmhZmIs Trump right about 'rigged' nomination? https://t.co/mJA0KxjhSART @DivaAmie: It's really awesome!!! #TrumpTrain #Trump #DonaldTrump #Trump2016 #Election2016 https://t.co/ECTrhY2Wz8#RT #Follow #TopStories Former TV 'Apprentices' denounce Trump White House bid - Reuters https://t.co/ietljKifxd https://t.co/CdFHmOAZO9When Trump gets nomination,how many women will vote for him?Every woman I know is!Cause if not,Hillary is your choice?Just sayin'#RT #Follow #TopStories Former TV 'Apprentices' denounce Trump White House bid - Reuters https://t.co/gcmoaS3IHf https://t.co/64zAbgW0iIJesus repudiated the one Bible verse Trump says he likes best | alan.... https://t.co/8kQzcKNJLr#RT #Follow #TopStories Former TV 'Apprentices' denounce Trump White House bid - Reuters https://t.co/pVOAJhDgWy https://t.co/vP8PujHyBY#RT #Follow #TopStories Former TV 'Apprentices' denounce Trump White House bid - Reuters https://t.co/DnKPCC2aH2 https://t.co/iEVcJt6dfsPolitical Prediction Market: Trump opens up huge lead https://t.co/K0uHlTIE7u https://t.co/2VSX1yO5hT#RT #Follow #TopStories Former TV 'Apprentices' denounce Trump White House bid - Reuters https://t.co/doM3ahdUlW https://t.co/OMH4ABlQ4MRT @TeamTrumpNC: Trump:  Top republicans called me and said "stop saying system is rigged."  I said I gotta tell truth.  #TrumpRally #CTpri…Political Prediction Market: Trump opens up huge lead https://t.co/eIfrDuZHrL#RT #Follow #TopStories Former TV 'Apprentices' denounce Trump White House bid - Reuters https://t.co/iMJcTW9u8F https://t.co/PYGuwLXg51Trump Is Wrong: Voters Aren't Being 'Disenfranchised' https://t.co/QeKm9fnJ5J via @WeeklyStandardRT @FoxNews: .@robertjeffress: "I think the greatest threat to a Republican victory in November is this 'Never Trump' movement." https://t.…Is Trump right about 'rigged' nomination? https://t.co/dTV8aR6BZT#RT #Follow #TopStories Former TV 'Apprentices' denounce Trump White House bid - Reuters https://t.co/bsqwRe0PpY https://t.co/BXOEWZbykd#aprilia #RT #Follow Former TV 'Apprentices' denounce Trump White House bid - Reuters https://t.co/P17f02MEpr https://t.co/NetOY22IRdJesus repudiated the one Bible verse Trump says he likes best | alan.... https://t.co/KjcFJ615qN@realDonaldTrump To all that are afraid of Trump.   The Government in Control right now (Both Parties)  are Stealing Your Freedom.Is Trump right about 'rigged' nomination? https://t.co/G4R1zo7Azl#RT #Follow #TopStories Former TV 'Apprentices' denounce Trump White House bid - Reuters https://t.co/Cdtn0W0VQ4 https://t.co/g9Jd5wgO8oRT @slttl: guess we punching babies in 2016 https://t.co/9JE0C8jy2f#RT #Follow #TopStories Former TV 'Apprentices' denounce Trump White House bid - Reuters https://t.co/Umg2gEBwV1 https://t.co/bJguWdgpGX#RT #Follow #TopStories Former TV 'Apprentices' denounce Trump White House bid - Reuters https://t.co/blCWi5pXbx https://t.co/4Q2NANRptPPolitical Prediction Market: Trump opens up huge lead: Donald Trump has a crushing lead for the GOP nomination in… https://t.co/PrtUVenrw2Is Trump right about 'rigged' nomination? https://t.co/ZX6X3u6K9bDear #MicroAggression jump on the #TrumpTrain and https://t.co/DH9X0Cx8y9  https://t.co/sU26aLmY9n#RT #Follow #TopStories Former TV 'Apprentices' denounce Trump White House bid - Reuters https://t.co/QJSXTd9yGA https://t.co/5oDahlil6SPolitical Prediction Market: Trump opens up huge lead https://t.co/PMJI8wk5IvPolitical Prediction Market: Trump opens up huge lead https://t.co/En8jnNyEF2Political Prediction Market: Trump opens up huge lead https://t.co/UerxWlXz8Z#RT #Follow Former TV 'Apprentices' denounce Trump White House bid - Reuters https://t.co/OXl8VCQbmK https://t.co/bqONj5w1IVIs Trump right about 'rigged' nomination? https://t.co/KouPxRdBHVJesus repudiated the one Bible verse Trump says he likes best | alan.... https://t.co/Uf0qsNX0GvRT @deanbarker: Wait, one year of returns? 

Why is there one standard for Trump, Romney, and Bernie, and another for everyone else running…RT @StanBushTV: #Trump supporters protest Colorado GOP Convention results at State Capitol. #Politics #Campaign2016 https://t.co/3XFO7KnLzKIs Trump right about 'rigged' nomination? https://t.co/w54IhEnruORT @Kimgee8: You know who else has many followers? Donald TrumpPolitical Prediction Market: Trump opens up huge lead https://t.co/0tE1PpwLEAPolitical Prediction Market: Trump opens up huge lead https://t.co/HlTO9PMogX#texmex Jesus repudiated the one Bible verse Trump says he likes best... https://t.co/AbIUrGtXc7RT @Billright50: @realDonaldTrump @wdct8110
They all owe favors to their large donors
Dont give a damn about us
Only trump will change poli…Is Trump right about 'rigged' nomination? https://t.co/rH5YYzlj7n#RT #Follow #TopStories Former TV 'Apprentices' denounce Trump White House bid - Reuters https://t.co/flnvxoNlFO https://t.co/D0TWlGfUhaPolitical Prediction Market: Trump opens up huge lead: Donald Trump has a crushing lead for the GOP nomination... https://t.co/ydoi8K1boC#RT #Follow Former TV 'Apprentices' denounce Trump White House bid - Reuters https://t.co/YZ47SvzyTH https://t.co/0ujr7KvEVW@AlphaRomeo223 @LeonardGilbert2 @A_M_Perez @Skonialo @KennethBartlet9 Both Trump or Cruz will humiliate Hill.RT @michael_favreau: @realDonaldTrump Trump best one to beat Hillary https://t.co/NajcqAlNVV@Eifenville @realDenaldTrump Except Cruz is a minor-league liar. Trump lies every time his mouth is moving. He just can't help himself.#RT #Follow #TopStories Former TV 'Apprentices' denounce Trump White House bid - Reuters https://t.co/UAv5Ymc6oq https://t.co/Qk7bCznXwgPolitical Prediction Market: Trump opens up huge lead https://t.co/yUnSNuciMu#RT #Follow #TopStories Former TV 'Apprentices' denounce Trump White House bid - Reuters https://t.co/xcEK9n1FeI https://t.co/osafJXlNV7RT @foxandfriends: "Your only two choices are a socialist and a corrupt criminal." Voter leaving Dems after 30 years to vote for Trump.
htt…#RT #Follow #TopStories Former TV 'Apprentices' denounce Trump White House bid - Reuters https://t.co/sAPChiEEcY https://t.co/MpICkGS303RT @illywhitesides: Donald Trump rally vs Bernie Sanders rally https://t.co/WExuXosIfDIs Trump right about 'rigged' nomination? https://t.co/gSzxCb0VyK#RT #Follow Former TV 'Apprentices' denounce Trump White House bid - Reuters https://t.co/tXrHOpNS2d https://t.co/SHrfqqZIxZIs Trump right about 'rigged' nomination? https://t.co/7cWQouJ1BKJump on the Trump Train California! Room for anyone who wants to see America great again! https://t.co/ftMHXiSroaIs Trump right about 'rigged' nomination? https://t.co/2f2neGv0h8RT @veganvecoh: Trump's National Delegate Candidate from Colorado, Kimberly J. was not allowed to vote at the Colorado GOP assembly.
https:…RT @wigazette: #Trump visit ignites Long Island town where #Latino man was killed in a hate crime https://t.co/upJL8DhdMa https://t.co/0MIY…@NeverTrumpPAC @RussSegner What's a person with Opioid induced Constipation &amp; Trump have in common? They are both full of shit.RT @gelraquell: Trump is a phenomenon that will be studied for the rest of our lives. We get to live through this magic. Really exciting.Is Trump right about 'rigged' nomination? https://t.co/z59eVyBvXSPolitical Prediction Market: Trump opens up huge lead https://t.co/Gq6l3qXgoSPolitical Prediction Market: Trump opens up huge lead https://t.co/rKLfPVqzbJRT @LindaSuhler: California For Trump
✔️ VOTE #Trump2016 #California
@DanScavino 
#CAPrimary
#CaliforniaPrimary
#CaliforniaForTrump https:/…Is Trump right about 'rigged' nomination?: Whether you agree that delegate selection process is unfair, nation owes… https://t.co/wBReDWejcqIs Trump right about 'rigged' nomination?: Whether you agree that delegate selection process is unfair,… https://t.co/nUSm7VqPPP #Skibabs360Political Prediction Market: Trump opens up huge lead https://t.co/7TfthKgSNkPolitical Prediction Market: Trump opens up huge lead https://t.co/Ko34IXnhiaPolitical Prediction Market: Trump opens up huge lead: Donald Trump has a crushing lead for the GOP nomination in… https://t.co/eOXAvv98GoPolitical Prediction Market: Trump opens up huge lead: Donald Trump has a crushing lead for the GOP… https://t.co/ScwxFDR84W #Skibabs360